{
  "answers": [
    {
      "name": "rock",
      "results": [
        {
          "actions": {
            "say": "rock_paper_scissor.win.rock",
            "positive": 3
          }
        },
        {
          "actions": {
            "say": "rock_paper_scissor.loose.rock",
            "positive": 3
          }
        }
      ]
    },
    {
      "name": "paper",
      "results": [
        {
          "actions": {
            "say": "rock_paper_scissor.win.paper",
            "positive": 3
          }
        },
        {
          "actions": {
            "say": "rock_paper_scissor.loose.paper",
            "positive": 3
          }
        }
      ]
    },
    {
      "name": "scissor",
      "results": [
        {
          "actions": {
            "say": "rock_paper_scissor.win.scissor",
            "positive": 3
          }
        },
        {
          "actions": {
            "say": "rock_paper_scissor.loose.scissor",
            "positive": 3
          }
        }
      ]
    }
  ]
}
